BGME,GME,BME
0.9123723301825398,0.9226829511373166,0.924801846079978
0.9814087962519576,0.9856166347019697,0.981060236656235
0.8416579705384394,0.8456964654502874,0.8378787858325382
0.9867330029991623,0.9894304198185175,0.9828935189798095
0.9378238180214775,0.9169743531748098,0.8912083315263382
0.953585235189243,0.95056080461386,0.9528780436874841
0.930520349703092,0.9304932073642181,0.9339802823379021
0.9027898439957005,0.8939274407368422,0.9100317078006898
0.8932063267515553,0.8862067345504189,0.8520703951361916
0.9252037261485422,0.913770940696132,0.9081370097482601
0.9588608130260227,0.9524690525368273,0.9619616122398803
0.9890139979598945,0.987147460803927,0.9654610589537584
0.9749392792386914,0.9653808592906661,0.9642475279758667
0.6831596157868353,0.6894556763419456,0.681819478140405
0.9353016975742803,0.9408089152391357,0.949032901776773
0.9853508302477691,0.9802197427253332,0.9783974900449044
0.9508791888629637,0.957225907773198,0.9407807169405515
0.9350443562297858,0.9317787914991097,0.9257549082218068
0.9662835498693797,0.9756704380833165,0.9469479268136385
0.8761271058581555,0.8869536048941967,0.8889721475846227
0.9923218480256224,0.9793215592229026,0.9466745652239381
0.9464313736937929,0.9412721599843192,0.9382518415255258
0.6959799758990418,0.8019828128281895,0.7890493052793236
0.9381110577093525,0.9232922632003226,0.9446207046594872
0.9727484075001436,0.9696026285518239,0.977701965449406
0.7535943625595198,0.7450924983000388,0.8733898127484804
0.956184968230502,0.9411220477926293,0.9425135683803294
0.9745299154380821,0.9746381250965814,0.9728826173283657
0.932543170481524,0.9295733339828622,0.9267579687225227
0.977658351473155,0.9801483180986088,0.9719732111410682
0.9062139497542223,0.8988716862706959,0.9163369606988305
0.9684872212944837,0.9567792440297659,0.960410226149412
0.9676247090487291,0.9643038240611619,0.9610200076580867
0.9499050087363257,0.9478977541990657,0.9281946079809014
0.9602086929292166,0.9514932844910715,0.9588280053457237
0.9953144714801433,0.995504980158631,0.9866515412675484
0.9820517548043627,0.9818114899326982,0.9778899293051498
0.9652888253905774,0.954309103600637,0.9614894625651765
0.9400715950565172,0.931661723025038,0.9168038907211816
0.9109416908086895,0.9200796330949997,0.9149706469673489
0.9433842558197605,0.9410801548972146,0.9452762383877041
0.9553351979195693,0.9428289486112441,0.9461934828495361
0.9777899946558823,0.9776170160475575,0.9729195058550838
0.9167752965077091,0.8873922784107245,0.7748613975375659
0.9109507882175188,0.9070649394698383,0.9457237956468995
0.975258732562597,0.9760722711340994,0.9728005011649462
0.9356172586248718,0.9284115141319194,0.9333302647272729
0.9378550623616414,0.9391524136583618,0.9547169373856232
0.9633559283025211,0.9129016721558209,0.9627184608521526
0.9662188249001316,0.96466735341021,0.9611117230143157
0.9421816853215115,0.9518118629817819,0.9427715013331803
0.961423538093909,0.9516893371077598,0.9609616610042465
0.9190598292087886,0.9259002858936601,0.9324647672578955
0.9747961450791669,0.9776575364121143,0.9660932893167051
0.7994088508179514,0.8701547498724774,0.8346879699822484
0.8997809251313017,0.8989799943165362,0.9056283288485988
0.7853750727621733,0.8413066985977674,0.7971457926272058
0.9511679196834839,0.9575584946820861,0.9634049047657839
0.8638035430723373,0.8732458620283342,0.8915731860721953
0.969282676548374,0.9737337893541852,0.9530412375554927
0.9766686374490505,0.9795833499521522,0.9779309883798395
0.9348989356259819,0.9206737133026895,0.9234384211337305
0.9022660721032142,0.9194006958358973,0.9424892133983501
0.9592972658750402,0.9572776799611331,0.9404154870269943
0.9643640381174022,0.9507877796722369,0.9352685568819421
0.8666800872291252,0.8843245592349571,0.9331374815757463
0.915513023474242,0.9118851297554662,0.8787949984358797
0.7645352401062988,0.6699980290995934,0.7268197606796933
0.8898639397179808,0.8839080158840361,0.9006901605609222
0.9880162992065158,0.9899693187867096,0.986030999565618
0.9222103985043135,0.9158594706284265,0.8785595232274465
0.8746219890899407,0.8964964768855679,0.7927424282578874
0.8935815401718586,0.8849982353857283,0.8514681930631463
0.8467181588382063,0.8451835023732112,0.8676030409048734
0.9606878515987322,0.9507356399289981,0.96004131891037
0.9217113885968214,0.9140830400202515,0.8387909776614513
0.8759049875852711,0.8690933602764978,0.8541080567999019
0.9227650909657874,0.9397114544983481,0.8854654260142756
0.9533178735512686,0.9549466267235432,0.9464377523533579
0.9266644286189465,0.9294059581126644,0.9421180945551542
0.9307671784808172,0.9206195195373716,0.8719552669576289
0.9718321900744477,0.9755675705701785,0.9593816329534953
0.9420944586202888,0.9357118118011495,0.9397032470355408
0.9657455103070485,0.9724185455228044,0.9620646385918675
0.977154009884875,0.9789865763132357,0.9761366269244577
0.9720331383806411,0.9841199136514946,0.9834807091980541
0.9663089086822527,0.9758769234057532,0.9585355826954363
0.9265453669919514,0.908636534952041,0.8951398864905996
0.9683072599618496,0.9603287589357699,0.9634290341020619
0.9131652622424672,0.9116157737437063,0.8996726671266897
0.8694970796449794,0.8859223235973263,0.8794955794309786
0.9701777999362612,0.9724858850381891,0.9721924211267243
0.6172826160414353,0.6300933723060724,0.596969127262875
0.9679665715598099,0.9632635501090115,0.984119700710447
0.955187712689595,0.9508472964299007,0.9287988851923685
0.8320777393858885,0.8559368466424093,0.8561573225080946
0.8668730295741246,0.8849536761362454,0.9038069402807359
0.9367014900188424,0.9195478681374355,0.8787071514993258
0.8534547939129137,0.8345418290066136,0.817148079313028
0.9448653945605225,0.9497331805948032,0.9601506209063283
0.9443561157551273,0.9424223762058677,0.9292867457722228
0.9320436385126183,0.926529861320254,0.9221239141645884
0.93095549636914,0.9287762395590985,0.9275224837383145
0.9554703252309693,0.9618723192336163,0.9323004910768303
0.9014542040190284,0.8810860265615461,0.8956709565010003
0.8848145212396074,0.8755190481557973,0.8713254449822792
0.6414906380930236,0.617577346333308,0.6635521979162387
0.9839416021090702,0.9843161330396323,0.9702441142193549
0.9730333337054576,0.9611484602181627,0.9594279161848993
0.9687905005713002,0.9674926743222138,0.9642001695102422
0.9566230549692392,0.949274974866147,0.9571211392186478
0.9995074116693311,0.9925909874599796,0.9956294870731068
0.9557596026321974,0.9500356964804206,0.947385018160414
0.9588609350229883,0.9509328361948703,0.9763070541705269
0.9756872877317957,0.9757044567693467,0.9766535953712878
0.9503246912798816,0.9451973616314737,0.9466660638713196
0.9776164953871592,0.9811632532722737,0.9757001195991425
0.7570082372878183,0.7026677820398538,0.7564636792737107
0.9627056907776513,0.9654355722866004,0.9662526561216794
0.9015055670175932,0.8829276542679905,0.8546481162199908
0.9364655343742871,0.9297575037957023,0.9154214002258666
0.8397872534101954,0.8822439188669103,0.8073164082855409
0.8796013482813217,0.8925987978770105,0.8824462504259988
0.9363300769176871,0.9295332518684175,0.9080186223987525
0.9186468636804898,0.9278774829389533,0.8866842095626148
0.959808383513811,0.943730545032891,0.9584892555172964
0.9720148815131281,0.9778109965906123,0.9706754987218018
0.9387016272205884,0.9340805152197756,0.9321605741419594
0.9406644204137465,0.9527753059349116,0.9639854503927892
0.9674845520491919,0.9677668930666682,0.9616053450978839
0.9816630473268326,0.9752620255462127,0.950755535665299
0.9009995270063892,0.8924811796715336,0.8893953076124865
0.8849568928671301,0.8641816499232524,0.8532944490734913
0.9682372648644443,0.9601471470462815,0.9500962177633694
0.900075395387539,0.8827393630196886,0.9168526286187986
0.9489510817304283,0.9387873204056697,0.9491838923295459
0.9143020331551651,0.905967108609724,0.9266561259435079
0.8717797384848545,0.7627522547387452,0.8218334580687575
0.8246940836748438,0.8430704274386718,0.7997422181596602
0.9553484663453026,0.9698046464026838,0.9197056481896633
0.877914791770525,0.9030592942596168,0.8660762450764815
0.9368858632342971,0.9544571452170995,0.937040035509229
0.9817986116583987,0.980575295765276,0.9431875153693305
0.933527203171193,0.946551052669996,0.9477932750259069
0.9800871938746744,0.9760580932861836,0.9645204945532109
0.9767295067783349,0.9679046031484938,0.9511690777611252
0.9557044815672991,0.9648385339685694,0.9106880241432666
0.8843876245498408,0.897067901751494,0.9249788872915662
0.9576596136238241,0.9505618328707167,0.9411511465420175
0.8921539513294026,0.9212761805198384,0.8988998964569602
0.9857967940808836,0.9816022344527033,0.9799529984060569
0.9341297453674886,0.9404752854757886,0.9428469036827456
0.9358194998882212,0.9201796991573343,0.8887646236012295
0.9612304878544781,0.9649211181275329,0.9516026159045323
0.9027919093857979,0.9219064185309572,0.8507751270580285
0.9518971945702912,0.9264445341657479,0.969803223007573
0.9011436339673105,0.9052336034751159,0.8994912616360542
0.9183760106114335,0.930196856433594,0.9254551329664767
0.9126309537432553,0.9288478617510157,0.9123932304383274
0.9249549166467448,0.9221631863497104,0.83516187409199
0.9304749294139973,0.907542200564108,0.8595004883678039
0.9477549176879161,0.9643654596525009,0.9054947173900495
0.949735273888796,0.9417929165220594,0.9370972399342528
0.9263972197167699,0.9221118545396236,0.9000967668379195
0.9438646854435715,0.9211502677096262,0.8590029698533836
0.9593219545662478,0.9684301385278523,0.9673303985584457
0.9314749923954713,0.8914533156646487,0.9364522945761579
0.9337244389489932,0.924731679119114,0.9273532500181091
0.9127461153370223,0.9094431566734719,0.8723181265805126
0.9584090184654054,0.9534866326392222,0.9709436700019437
0.8727886764261478,0.8707407145188356,0.8552644590684237
0.9180906994802422,0.9149907146877247,0.8951001158755861
0.9894394962313946,0.9920968871315727,0.9822086797247364
0.8883569756330568,0.8493371630062082,0.7977099712019251
0.8476210289455006,0.8423770195012849,0.8573278239952956
0.9631598281449717,0.9686433512259289,0.9015374336688876
0.974246678093587,0.9694709690062212,0.9609961034609463
0.9654052186666034,0.9747343387512893,0.9610463896098844
0.970432444136883,0.972630392642905,0.9526087618467414
0.9575233559677475,0.9631981817431138,0.9579035378085863
0.8361436277567385,0.8258447190086348,0.8245523344700932
0.9768681152328447,0.9729457212863559,0.9821703759170339
0.9558078752330549,0.949192772012058,0.9554940129308087
0.9573422161787157,0.9507598531550787,0.9079067684212913
0.984648754787622,0.9871353314080796,0.9887585905720548
0.9461726557253199,0.9340120543511296,0.9337841842243162
0.939865727791679,0.9435736343882557,0.950072019614796
0.9072513280730962,0.8983697764707421,0.8919906063975277
0.9523910648112969,0.9491504803372534,0.9487754773902954
0.9999999584824252,0.9998618764360138,0.9990482043498652
0.9820378272123409,0.9745486639803042,0.97331515726365
0.9405406044364795,0.9380173851773199,0.9498958448826356
0.9302399284219965,0.931116883789566,0.9073188899307938
0.9256518904673825,0.9202290116568622,0.9372337328413745
0.959099950737226,0.9599307756688578,0.9589729115223903
0.9523516605182547,0.9509807236080956,0.9208575517166251
0.8381039116852324,0.8353861458960405,0.8680486534947733
0.9638829979703515,0.9509063408075092,0.9590526411741725
0.9500093204530424,0.9380661733269466,0.9260189441709122
0.963917757121482,0.9708868173936933,0.9676559220270272
0.9947943147627882,0.9902589192183151,0.9871549467997739
0.9828518912140684,0.9782417912516767,0.9901331861988717
0.9675900972015159,0.9326321591095492,0.9048795058030386
0.782964038816495,0.7480831131985247,0.7499244583557699
0.9782845496337624,0.9832463309109062,0.9772449235681541
0.9331135473533395,0.9282506129239442,0.9449792557885808
0.9636545309660667,0.9522346139109086,0.9570706204710646
0.9804998000481674,0.9830392938475014,0.9618375068617766
0.9515051427135638,0.9495613455720366,0.9506596921791995
0.9335757839932294,0.952352615556285,0.9450214371752413
0.7331314535216286,0.8367593092745286,0.8800715822637796
0.9793355333669718,0.9689880718734492,0.9720168413621331
0.9496171626878885,0.9384582992419417,0.9315597991394492
0.9663585647564692,0.9735779524571422,0.9713762638853451
0.9552249071509785,0.9474386629124554,0.9402306010805372
0.9750519708871792,0.9758655493501227,0.9690890543614357
0.8049961248411468,0.806685903567915,0.7937005919096649
0.959251187455266,0.965530167075595,0.9764952968472417
0.9926961618653929,0.9892675538311682,0.9911323573348454
0.9629376581405641,0.9585655876797288,0.9575845783008684
0.9453606534707808,0.956986380702424,0.9520625199987958
0.9833206598183498,0.9879213484660696,0.975279685477322
0.9418045777336868,0.9364116915347783,0.918259878227085
0.8939470831671433,0.9054958388767494,0.8764911357012204
0.9394562048611831,0.9454705808680547,0.9099716841873327
0.9518696273801851,0.9360565990312136,0.9424860748736997
0.9356239441645645,0.9133561745039004,0.9060234044108876
0.7109126356620915,0.6553103524716533,0.7927276520711369
0.9538328929495944,0.9528715486536818,0.9628105848596492
0.8771714065702857,0.9042797003438652,0.854935679803974
0.9074720545220072,0.9375265272665589,0.9182048834986289
0.8462818947658075,0.8610582474320423,0.8490003252485921
0.9537108166137636,0.9573346216028106,0.96952865554393
0.9493883335201627,0.9323819863297714,0.9238734705190441
0.7052289733982396,0.7424319803089133,0.6340158032083383
0.9058782331588988,0.8812133597726938,0.8843061589109888
0.9196609262092288,0.9479214566685384,0.9423765392314115
0.8662193865827303,0.8722923930130421,0.8864458918610301
0.9604234204272343,0.9807587453856346,0.9807699801191694
0.908199044860508,0.9006316373442822,0.8552991012797878
0.988238932805176,0.9880140517043599,0.9724849094628952
0.9686979093911882,0.965037613563459,0.9474952146800542
0.9636316518224989,0.9433616880969055,0.9586764864316447
0.9874717346780961,0.9805812868349794,0.9799909969499464
0.8985778787074139,0.9107397022818936,0.8828997930965558
0.9657675659618375,0.9718813074989205,0.9515301798098221
0.907521521402281,0.9467361412448988,0.9204592833725431
0.9252143168820636,0.9306385857591041,0.8968970741144129
0.9767463371877673,0.9717034232982533,0.9513907536834105
0.9419803314095305,0.96285224683679,0.9583124816557177
0.9999999999999998,1.0,1.0
0.9848436444049562,0.9795840718110628,0.9867875601625145
0.69858546034912,0.72147461112956,0.6874059212030067
0.9261132524184368,0.9339626399089157,0.9479940663360117
0.9727599282186083,0.968843203747276,0.943104654043278
0.9786227314386058,0.9657877357214577,0.9781136681754515
0.6987948757695408,0.49974609409587667,0.4553353586396528
0.9671677020290499,0.9583784506754154,0.9391876805695685
0.8675631207238218,0.8480021258382363,0.8041562260880335
0.9745316618242724,0.9736196990824287,0.9708521525485013
0.8917986113879707,0.8860392684408249,0.87260659206996
0.9304476630743626,0.9343976303900843,0.9232028720894997
0.9445945537155646,0.9583907422695861,0.9484181567781573
0.9357433222535844,0.9389927127864568,0.9253791230465355
0.9456882190282874,0.9422508289640796,0.9025470863317865
0.8860102340795594,0.8490904047720722,0.9063985145474257
0.9074515806094686,0.922704864634653,0.942086481102748
0.9500931585371891,0.9579178149775049,0.9470166794515743
0.9568098073605356,0.9447880206042135,0.9551262923124318
0.8677146726217141,0.8616845364446909,0.9084326617065898
0.8779403408304277,0.893589050574031,0.9326462455511269
0.9236604603021384,0.9085615400951621,0.8941063487979235
0.9316371116652088,0.9359569304289717,0.9302143182801795
0.9690956576306473,0.944978300699112,0.9619268839240778
0.9740423571461593,0.9742056581938288,0.9663901168187642
0.9596358951205766,0.9493219102836011,0.9647683627414474
0.6020786749983001,0.6064568348566096,0.7091138315803901
0.9583628545831987,0.9517216208936349,0.9203183069063887
0.9658691236406106,0.9662424757151961,0.9786296495216531
0.8314072594240873,0.8150078091961923,0.7701583437851955
0.9272961030990624,0.9467580424299976,0.9263914356736197
0.9684330451114505,0.9575300787040938,0.9673957947538145
0.8795856201112707,0.8810113612155885,0.8787560500926038
0.9116169352729625,0.9117439461414794,0.9313353156825295
0.9459060451080885,0.9228872841264661,0.9529773458195843
0.9490842066039217,0.9398347054745438,0.9094371500108961
0.9317244920630691,0.9316502341037733,0.9044993737652219
0.9487683878666333,0.9380918541197423,0.9173216597550564
0.9154147971108492,0.9072288188009171,0.9061801488337091
0.9612431401398146,0.9661032890287365,0.9654159891365334
0.9112030698453932,0.9060312210667608,0.9321330988928195
0.9575107801735749,0.9277553175433577,0.9440949277756213
0.9532458722819007,0.9607159019068867,0.9625326021990495
0.8127354515312685,0.798592184589576,0.8404351161633389
0.9283989715822941,0.9180147496491392,0.9139832978460888
0.8858067099319907,0.8873532267057274,0.8930609747257532
0.9212865110655626,0.9353910022317788,0.9393019311149633
0.9614252431125905,0.9601643727087716,0.9490585830106388
0.9296303615304273,0.9355113032558557,0.8982192333462761
0.9676886019591255,0.9714956322964493,0.9672941230905295
0.8087100409503013,0.8144344552760358,0.8019207527908924
0.9284958577909728,0.887593441895692,0.8965315358815744
0.9105732684281069,0.9073513326349888,0.8984833854685735
0.9687058514703308,0.9652886808404071,0.9702860186810315
0.9260030600193175,0.9306985137918226,0.9445903558940036
0.9008802887166989,0.9076601175379893,0.8887835446348039
0.9560305589815696,0.9490664019706053,0.9145483944586008
0.9176292978253489,0.9088705647680847,0.8936245558550637
0.9183276101958684,0.9124908179967725,0.8415588064710875
0.938218205675266,0.917018374499162,0.9249964134200012
0.9737781261616559,0.9773893303804918,0.9665433262634411
0.9676743554673186,0.939375118787477,0.9292498662379286
0.6928223464168859,0.6794235616083102,0.7573274986226973
0.9349898338518505,0.9206833938309651,0.9312412715233808
0.951007657008224,0.9432311346115193,0.9228430605993974
0.9759700919922303,0.9660685852769089,0.9659293209383825
0.7967053417407571,0.7832492807426674,0.7299605703297426
0.9334398061074768,0.921060872013545,0.9462985802987447
0.9378431252971428,0.918150056380245,0.916726913683811
0.9177915097449365,0.917035719821387,0.9278114659744606
0.8900666170732978,0.9005373651266542,0.8699685123902424
0.9487801542824076,0.955230146952567,0.9363556782232526
0.8961848633627516,0.9042598567779471,0.8545178140999802
0.9567710412927364,0.9592255921445753,0.9456049907044893
0.8568363330136394,0.8778921353962439,0.8128826725119056
0.9871078668401025,0.9847280734679617,0.9867948512091009
0.896988603366397,0.9143079414111326,0.8955287015510102
0.8985393862651294,0.8581304402599252,0.8875943964487893
0.9692392688881144,0.9596595026450196,0.9595008324719743
0.9620556628873127,0.968135317393713,0.9577601655186518
0.8966669853352269,0.8902403663557159,0.8833282284610974
0.9831534252052563,0.986647910090422,0.9831046497004384
0.9536249352537759,0.9420876392922263,0.9357803798573817
0.9501224802685072,0.9388474609291682,0.9539008432309122
0.9769635719817067,0.9643746097395262,0.9794224317328277
0.9633939247049841,0.9649135102141909,0.9547677707165891
0.9434283495926317,0.9424401446655841,0.9068611080647062
0.882606272822908,0.8861008470340395,0.8331604606000858
0.9885624990877266,0.9896470693138067,0.9879430649860368
0.7446015453207683,0.7026097154844906,0.6804062764899874
0.9375217825189681,0.9365841080377592,0.939436324340587
0.8825196596406069,0.9232428996045287,0.8849284400237921
0.9680036518314938,0.9680773922327235,0.9646116188660074
0.961933070086061,0.9648147417142536,0.9603978911042682
0.8964492327016216,0.8965836216135472,0.856989088733689
0.9499997511416126,0.9522127802493476,0.9639149214058635
0.9818740223690332,0.9807689165277949,0.9781479440633106
0.8882678733352349,0.8932330140782369,0.8754644296623496
0.9847609116068755,0.9822818449382219,0.9779269567063228
0.983241888029665,0.982169040981954,0.9719368549230306
0.9687004405834948,0.9646853040570006,0.9596915125718807
0.7635780080208888,0.7417709664850546,0.7381545030085498
0.8449801639661234,0.8504946955301131,0.8942657610833121
0.9612919011622515,0.9564197026051053,0.9446134621275389
0.9592803994395035,0.9639545124939914,0.9518347066209905
0.9723314734986982,0.9611624162157979,0.9663943377546539
0.947295055908823,0.950390573974726,0.9300677895432073
0.98031715951853,0.9752459424464632,0.9718876674584577
0.9628436378772791,0.9466248868228033,0.9293582934046041
0.937174622153064,0.9322007891212145,0.9032562888590548
0.9555490793504188,0.9625601183122969,0.9306493926825036
0.8696782606646261,0.8690280643054364,0.8996638674556433
0.9725382447502836,0.9740662760127404,0.9710294966143046
0.7913590238494154,0.8171154103792058,0.8439104442972182
0.9715255164355775,0.9863339694929357,0.9736916034245573
0.9404700417585127,0.9318521504528836,0.9113233301239285
0.9800112203772909,0.9863043567616658,0.9814624338799958
0.9660432227349462,0.9596502940109973,0.9542948224848068
0.9043565195182368,0.9268277774039366,0.9123057366463942
0.9033064505572537,0.9177418840040652,0.8697369844094522
0.9668358633043301,0.9569964237021038,0.8885824912023815
0.9423703244756023,0.9353147808603322,0.9145516787748145
0.9677607402266516,0.9630987414011073,0.9081839102630399
0.974548421211029,0.9676235490503717,0.9599243361855149
0.9838872208429561,0.9833644358213537,0.9607194786946278
0.9645296337077899,0.9664587227244931,0.9446087101003375
0.9395886805958844,0.9343659375991351,0.9191127067113518
0.8372883697955418,0.8700983074300602,0.8807743250551658
0.9447627351573679,0.95130906794425,0.9462058740529277
0.9733114594901966,0.9664326385856346,0.9751686821577228
0.9639529261304136,0.9550278124301067,0.9524038568513103
0.9769642103267384,0.9793928302447487,0.9421214497272338
0.9632511912808236,0.9624388453999095,0.9598550552836551
0.9853392753042812,0.9750445926703133,0.9745238760747014
0.9611569038838026,0.9684808660348706,0.9624991269670096
0.9643444254461239,0.957896959421009,0.9383018343068424
0.8827387520744202,0.9265490914547955,0.9089763149776828
0.9179628139502438,0.9220560109472586,0.9222134249793091
0.9507471440261289,0.9512375739689191,0.9428383357812246
0.9169809179503939,0.9121996401536028,0.8860447959948224
0.8759420623117161,0.896769856633659,0.8895393989651681
0.9189039700783208,0.9262169356310544,0.9365421053113743
0.941848026044952,0.9447854861422154,0.9402617261954405
0.9808552847520403,0.9796107822039157,0.9784173093582439
0.8641483795457646,0.8604822834614275,0.8684159966257777
0.9784395005837636,0.967842942002211,0.93951476607611
0.9626083305105073,0.9616837608790932,0.9505426446208045
0.9339496256921053,0.9265004385877293,0.9100097636469191
0.9452964006836808,0.917683565297174,0.9387019774725714
0.9542064330383765,0.9441709700004423,0.9699396005372704
0.9308015792739874,0.9272583148350881,0.9444637734700818
0.7854258245870699,0.8141683602680269,0.7864328162667379
0.9427532862847166,0.9477492894387323,0.9511230362703877
0.9746891604737586,0.9752321170817903,0.9571670172498238
0.8900083122563658,0.9008603037074616,0.8947540507454981
0.9544839331230889,0.959524718259876,0.9388919259587182
0.936741690016436,0.9109307702147947,0.8826442663746973
0.976898949692688,0.9810934714164149,0.963341456675825
0.9491916445661576,0.9619168739421183,0.9484992285023024
0.9540544955951165,0.9565819237895312,0.9538690289078077
0.9690049149783924,0.9597392719996778,0.9552950254823206
0.8705322673459098,0.8897149648822543,0.8920392205774679
0.7464650968892219,0.7756140579522941,0.7069683492609061
0.9339338873646281,0.9277785173272192,0.8888496620492702
0.955385025294704,0.9571169840931467,0.9439550867973084
0.9940488121269785,0.9935118527723739,0.9945472334395739
0.9549151601327779,0.9697854290311245,0.9646348241822695
0.8475401823372606,0.8765699147509302,0.8395975260983201
0.9336310203239406,0.9381639209002478,0.9164017138007944
0.95118688581893,0.9536985599820317,0.9534465898367325
0.9353481606754536,0.917207105471663,0.9590700117763098
0.8510956862435617,0.8466577825261268,0.8214622208021948
0.982286016426697,0.9865526046361925,0.9782438799414189
0.8666238959002649,0.8484825235293497,0.8331444255862918
0.8803126472499757,0.8173598716946991,0.8137908752362811
0.9544315055905578,0.9468236848010493,0.9491497425237913
0.952403578543174,0.9517076157013089,0.9548610554595617
0.968886658144864,0.95827407664039,0.9733449327187599
0.9389350146711944,0.9313661052983124,0.8187202578557076
0.8501584837474907,0.8510887457926644,0.8729664930761667
0.9573658090842989,0.9564206943642157,0.9380834455048662
0.9515991890462371,0.9508646272981183,0.9680120145150672
0.9168674108822562,0.8941480339271882,0.8601732974301809
0.951953082513864,0.9528730587223702,0.9457760384889736
0.9708195724110044,0.9638940230375385,0.9730857175868917
0.8819614202757656,0.8649815872620434,0.8974982456387125
0.973506535776095,0.9583693158854845,0.9730669082783855
0.9297648138658552,0.9387608966338978,0.930934188438058
0.9234070486007957,0.9249122084293843,0.9334956093072075
0.9752247305645174,0.9608462331989348,0.9575178192780098
0.9906931228604218,0.9802446161412925,0.9777030631235968
0.8829554991761345,0.9140519823268661,0.9019394103875588
0.824019980031799,0.8357872829346524,0.8361759323116411
0.8501213103143352,0.868536914984937,0.8638997313052708
0.9647436350460843,0.9757457286081664,0.9796754813045253
0.975145461958926,0.9934720237696993,0.9516375517601384
0.93549406744,0.921862982155194,0.9115345833092273
0.9303590942490252,0.9310298115750609,0.9519221289355779
0.9010259798930451,0.8853990329126962,0.8454893236327242
0.9665467684066354,0.9676169268583054,0.9369064873454839
0.9671106221598147,0.9664941626519671,0.971179585049372
0.977765088156733,0.9789909278587217,0.9829379386095569
0.9554415701255335,0.9543644210320341,0.9451307660689063
0.971801305740398,0.9725936434565592,0.9775728632179461
0.9310042737371357,0.9295174950577488,0.9194775072812917
0.9796204037381433,0.9454906546980286,0.9266936683208902
0.9746172418732619,0.9816309022196111,0.9448173935891646
0.9579133607101984,0.9544804986087873,0.9412348375312265
0.825671694677518,0.8167161241434805,0.8324922872631035
0.8957038994697565,0.9058326847720322,0.8618848197765584
0.9606948733012498,0.9668547151550102,0.9653083228005737
0.9774050173532061,0.9794362673265228,0.9469325588108713
0.9219058260707486,0.9151844306365009,0.9222233346836657
0.8788495314539657,0.8762261388267959,0.8427467155559559
0.9769520698907416,0.9732555524621456,0.9651088845571693
0.9393306786979645,0.9541283397097324,0.886955301675923
0.9848710426385856,0.987438907673531,0.986732435066804
0.9462427840575707,0.9361059860869078,0.942580817276106
0.8406998958225059,0.8286727584025044,0.7945419709658177
0.8719313173504866,0.8747325292887953,0.8857398800934849
0.9308328017501355,0.9093222304972034,0.9194445032890793
0.9657848702790709,0.9699475210243418,0.9325977461766043
0.88941458702496,0.8974572893650653,0.8265472550375451
0.9707279447954595,0.9726152601377073,0.9699295407629634
0.9423052969157216,0.9398304664544905,0.9478232472795806
0.8794180102963348,0.8439152512948663,0.8419053569726838
0.9371484444040806,0.9390483945901876,0.9167579543385425
0.9892832913194801,0.9865110051684626,0.9803852502826755
0.8851464351148398,0.9037751930679025,0.8701302892961612
0.8353649320537578,0.8455273636046119,0.8370316192704427
0.9236188388719884,0.935937675360397,0.9260825533340282
0.9816031537988457,0.982124072171325,0.9845825595141857
0.965827216581425,0.9603603356346788,0.9584400603897529
0.9225611118462221,0.9210933108720968,0.9325299805740135
0.9568821998284461,0.9482308969735147,0.9518638041569523
0.8579318354545609,0.8439315399609384,0.8198147141917863
0.9833130533298885,0.978098677948982,0.9710881622928685
0.9673876811984209,0.9680953046351252,0.9672328650184975
0.8202748041414204,0.8567294274408315,0.759388193856272
0.9456330399455793,0.9389683649004241,0.9316216321651162
0.9376319667041418,0.9334684997726614,0.938380773035492
0.9622474815697708,0.9601835186284212,0.9503065986742991
0.9554209763865344,0.9490148315686943,0.9336952226693226
0.88133358671859,0.8644323812716884,0.7881495027341975
0.9490293642522349,0.9348327496119784,0.9364659260015562
0.878023801363247,0.8680056952716894,0.9236959760387032
0.9569482878786622,0.955794470335054,0.9516778868574757
0.9681479228252108,0.9644284810313875,0.9771351749898491
0.8361447781678925,0.8324614337380724,0.7847160412154862
0.5071890635329297,0.4291522390607325,0.4058909488177859
0.9537406240398111,0.9462064708376623,0.9498772241697252
0.9808007265050226,0.9915186470802884,0.9934584806748044
0.7964752974600124,0.8489520394659417,0.49999981206002153
0.9404143080577615,0.9414001245100266,0.9440719226311064
0.9571829107020667,0.9505495115108916,0.9248913292170031
0.9586835043020322,0.9650955852678386,0.9323183169038178
0.9462052706293216,0.9359780153428556,0.9155731743414228
0.9698384662909799,0.9484231712803529,0.9518719720527654
0.9702315260062789,0.9631821921886728,0.968457255663065
0.9668119677695738,0.9633280611613249,0.9611625174212114
0.8613041486080738,0.8562155898795487,0.7848511831145004
0.9452970568529111,0.9298715683626868,0.9325767875050656
0.9633490739230046,0.9584813971491942,0.95455986560558
0.6531328241063785,0.5533045773814244,0.6248507372760361
0.9547810024755806,0.9377905293729923,0.9407743339157492
0.9650558069127889,0.9579494472970582,0.9133194817265574
0.9810249967900796,0.9828264779432438,0.9763513324683167
0.849056818533619,0.841469977085728,0.830047565770008
0.9409620183050703,0.944353802383855,0.9133899536656159
0.9689931194820302,0.9711079483545758,0.9577987659085222
0.9934728449849071,0.9956286093507172,0.9834273656946557
0.9790115888791459,0.9685028953860688,0.9700068793779195
0.8613674816601318,0.8349641304786696,0.8934621361923966
0.8723584146379663,0.8712877488587146,0.8247344119589706
0.8706674032664874,0.873974124627689,0.8786921505320401
0.9646105733835348,0.9685238376427392,0.961825100632263
0.9416325924498447,0.9350353602122977,0.9388335274340434
0.9285411580790104,0.9440315720631097,0.9371495664658382
0.9422788812410637,0.9290825052973546,0.9198817158946074
0.9738194553458446,0.9704190829798223,0.9581134606280053
1.0,1.0,1.0
0.9264442746028609,0.9425544186932818,0.9132639643691104
0.9472124718379267,0.9532651163033825,0.9536912885608239
0.9698637139875276,0.9752919997500076,0.9684335039174248
0.9393813091434989,0.9253002213276569,0.9035198270917985
0.94397757510551,0.9430784313439408,0.9321176903829771
0.9513741323731099,0.9579493318343777,0.9322079655378689
0.9394855619819118,0.9410495193627498,0.9345740706219381
0.9448414068893114,0.9583372108116246,0.9300525184502306
0.9821987650017324,0.9878058564450629,0.9770933719446974
0.9460236515249286,0.9483684998984552,0.9176749609296038
0.6994459324676825,0.6689080955392716,0.5588169135747573
0.9250610309789066,0.9238683335471836,0.9052623447840494
0.9393050338211575,0.9271510938919343,0.9312798657295548
0.9472958934005938,0.9168919579956962,0.961602650374082
0.9642762893027476,0.9604440264020601,0.9470971216494108
0.8695076717709027,0.8628703514120991,0.8495325972359054
0.9792237171632765,0.9852886476645499,0.9858771617050728
0.2625362139887275,0.3492135266703988,0.0027917976999298154
0.9201932462783007,0.9138454270691435,0.9315805116167214
0.8641469305237547,0.8960924110786098,0.8934089605256476
0.9441882734232507,0.9265609483080077,0.9074758554446571
0.9784416657995252,0.9805744521183252,0.976666433402788
0.9833791030637516,0.985103006027006,0.9845893059560878
0.888507365426877,0.8601040164284578,0.824230313871509
0.9122852670962536,0.9083388347023247,0.9277415419873333
0.8947236642360793,0.897856741922578,0.8880232320734205
0.9912236491697666,0.9875755839844393,0.9795762696026183
0.9642194996089154,0.9637191273303178,0.9407962455912855
0.9671484919688813,0.9683061926307753,0.943758498703379
0.9798338945960612,0.9825641225550059,0.9762984079742402
0.9589774298684578,0.9570079906465909,0.9040485531615386
0.9921476379096061,0.9709720896134314,0.9591993864823386
0.9797194804621625,0.977174333928674,0.9844854303813312
0.9467037799043511,0.9446613368254593,0.9284782091083706
0.9557683864001143,0.9386948754440525,0.9268735672397306
0.835906240812608,0.8375137535422971,0.8140886816785345
0.9734141012659497,0.9746062314639551,0.961054057908212
0.9833770750601506,0.9823670617436105,0.9845802421376987
0.9896117508727438,0.9938442877885348,0.9864647101858152
0.8961161296495155,0.8908351383009661,0.9129239429955416
0.9791353876288915,0.9796846134775374,0.9744288867657276
0.9128042730931176,0.8884623095628325,0.8938477834394175
0.979032761297063,0.9802485504758652,0.9719432849002877
0.9567826799004175,0.9568097558355164,0.939357912984995
0.930078972224111,0.927496298850187,0.9175310397566757
0.986202653706044,0.98569305931539,0.9926787651499477
0.97954813069088,0.9741715791433164,0.9731065372156238
0.8563772509790875,0.856756471295246,0.7923436546030979
0.9694116430554465,0.9668669247150677,0.9705943047037054
0.9646175216383338,0.970878159532965,0.9565389127107803
0.9738858597437979,0.9906371916876069,0.9793079903531432
0.9724483032613465,0.9763220534279682,0.9612755832482593
0.8987226280300724,0.9064202482247499,0.9489016858335809
0.9653252546190707,0.9748788000475131,0.9738640630821025
0.9414722143897263,0.9396282889821296,0.9201202154790795
0.9716232220652022,0.9844168892865447,0.9706118601965458
0.963705690583119,0.9616342300195636,0.941093707496669
0.9051704957126058,0.9235532837351232,0.9230250086205717
0.9082577841592672,0.9043425158843575,0.905768522706847
0.9510111763847094,0.9471371586053834,0.9587798442769941
0.9741168244235642,0.9751859290233785,0.9776421341260206
0.9372269507349597,0.9519669367447541,0.9224012833362862
0.9526609135850228,0.9359944274959591,0.9345771922459994
0.7436238520446883,0.7768501124852031,0.6365323496137767
0.9752650518674277,0.9728854758739287,0.980284010986262
0.9280934185521604,0.9086178423577197,0.8880916639842178
0.9108683323336965,0.889140807043351,0.8844979388727329
0.9595377309634598,0.9308389406422919,0.9365205568523202
0.9698134206143192,0.9719842521445995,0.9582293796802218
0.9713652763036873,0.9638750117778516,0.9682569964314199
0.9689755149911901,0.9764864566215745,0.9723919565444945
0.9558618759567183,0.9679641565418228,0.9388984942560737
0.9383488586212536,0.919364390133126,0.9076386385793597
0.9447306171296468,0.9409858420169258,0.8750889373090104
0.7751565713630812,0.768642795618315,0.7849617431583091
0.8953279180280413,0.8813448927207694,0.8353240062725327
0.9084391901326546,0.9308863463870058,0.926866541481
0.9334102969484647,0.9180460585187495,0.9018355950882333
0.985645879522717,0.9699129469414295,0.9800697677810009
0.8949407284797944,0.8858884752630709,0.8703297687759136
0.9449646341305022,0.9428690115715437,0.9204571818204328
0.8965303190308006,0.9275805728787152,0.8528900729203511
0.9646559256612937,0.9511576980674491,0.9418063877025905
0.9766039981005479,0.9701423874456973,0.9783555876614174
0.9577759040525763,0.9498779116123376,0.949399195703948
0.9188814573502487,0.9019609741334101,0.8922974722257832
0.9398908600701067,0.9338680595082309,0.8975996236802025
0.9853296255150351,0.9747158422340761,0.9855570316762889
0.959526540218296,0.9626479104775408,0.9450084442222287
0.9731479264649824,0.9791451764772228,0.965983320681701
0.973267504468552,0.9574736556119321,0.970038714178623
0.9439517247957935,0.9490985370499884,0.9415205950929272
0.9310779684610064,0.9376164762367485,0.9301797111592206
0.8967727082368917,0.8661521476255125,0.9044244622527078
0.9594394526000797,0.959288705195975,0.9550363269242074
0.9313899467665065,0.8781374638804017,0.9003086480821066
0.9635936618171159,0.9652171567593327,0.9594277796006553
0.974441747221561,0.9714925951058313,0.9489960235020172
0.936216070075421,0.9485343724310614,0.93910612443229
0.9579993058800006,0.9540621388775959,0.9633843628148865
0.9470055867364937,0.9372133809382851,0.8988216661979137
0.9642327129020242,0.9632071799274373,0.9472743810654329
0.958804759503769,0.946722336119341,0.923127126757061
0.8737680424344918,0.936724640645955,0.9476864131935335
0.8222029974589682,0.8336261881282033,0.7855030869108575
0.9656701495257488,0.9661611045233955,0.9728539114621082
0.893737328464887,0.9048556690479579,0.9051421701742178
0.9906513159634932,0.997968047442024,0.9788994610564938
0.9558429417987478,0.9604963120950463,0.950341845926506
0.977945754364176,0.9746416524773969,0.9677894210282536
0.9229901001615857,0.9271880381089284,0.9004052762815562
0.9708780209394626,0.9651770156614665,0.9685775021720218
0.920313484481386,0.922303946758416,0.9060742431864266
0.9524225781419551,0.944492291184931,0.9505138108069906
0.9766148081164516,0.9703874114489075,0.9618691253952881
0.7242724767966245,0.7089310013264217,0.6895498218333258
0.9363464219807714,0.9373688866183888,0.8377602826739636
0.9766543827914356,0.9780274042852877,0.9720352020640672
0.9711449231448294,0.9560194430316312,0.9515833460730271
0.8812479284582411,0.8828697908673854,0.8687720861768315
0.959716620173966,0.9696931726884916,0.9398703900803629
0.9483291078378585,0.9521612183206357,0.9518460225851034
0.966191494363211,0.9667445345465097,0.9664854175298101
0.972419923139805,0.9616721073514645,0.9713183180896504
0.9874776345595493,0.9897985699076837,0.9925887688069253
0.8401397575518318,0.801368692308898,0.8120745574279845
-1.0,-1.0,-1.0
0.9546989215979228,0.9473366419445507,0.9407739128516126
0.9515887526323138,0.9472782992170635,0.9463292141170849
0.9453812165635425,0.9552346510831323,0.9487613567954551
0.9166074561655587,0.9157665855926762,0.8823590140844468
0.9053858115994323,0.9100206511383687,0.901104657851047
0.9792963501910878,0.9773333141145991,0.97291690546774
0.9759487410727806,0.9742295078335758,0.977355706509292
0.9145498987106456,0.8902343042142571,0.8873787202056949
0.9088229112223073,0.9095959182817981,0.8849283530924509
0.9765331168290136,0.9797405565998385,0.9849239972440541
0.9443158630473512,0.9564995983706974,0.9446275929131631
0.9434244342869194,0.9242731516451383,0.949328483048614
0.9687871785403193,0.9697497382322147,0.9319923308784304
0.9326054727138802,0.9351945333864525,0.8861096188903387
0.9092855185907888,0.9334606189755793,0.9242436598012501
0.9360306312990304,0.9399423749975286,0.94966061723515
0.9672119034106915,0.9627330015900051,0.9551377593825228
0.9626230780051623,0.9624526694234175,0.9566679254271965
0.9037580413177543,0.895329776538641,0.8770052096531147
0.9123449004312988,0.923240367292831,0.889755877114735
0.929089127300329,0.913338146900822,0.9561803570186026
0.9024246077628104,0.8925595546290365,0.8885608245522342
0.9312339219038307,0.9128340103196129,0.9035391423322693
0.878454869296541,0.858871601281929,0.8648336581546889
0.8960874100481269,0.8922785565644641,0.8373596418758751
0.8676542991016688,0.8822437739242931,0.8835578642211265
0.9762400969923204,0.9830581917266424,0.9600760454214202
0.9321833973969251,0.9382524709150328,0.8353383537209811
0.9689477843378411,0.9751137511922973,0.9744423232793697
0.966366530822007,0.9586295359713892,0.9637173280812357
0.9913160060884778,0.9937913011313569,0.9918159425608621
0.9249209711373348,0.8919752118551019,0.8871680378752498
0.933737556538913,0.9365749587239796,0.9360678380915286
0.9588933175528991,0.9668504039751735,0.9108775948210664
0.9607369465088981,0.9595520441577584,0.9594602924596736
0.8736331495520444,0.9289572012943835,0.8475024160418012
0.8932069752054529,0.8743700742899904,0.8381050334026683
0.8446575213347906,0.7898982755498173,0.8259684863607168
0.7929365015577727,0.7637229943171857,0.7084020696644054
0.9449200429102032,0.9614850498555562,0.9502134974069444
0.9666790661447447,0.9686887622502628,0.965408882543723
0.916324777494055,0.8902121679214541,0.8884995388494185
0.9588819338909529,0.9788002639582881,0.9746153580932935
0.9100811591414645,0.8854237996802169,0.8737057795560627
0.9597470908304919,0.9464637621989277,0.9292106802084523
0.9338926152345727,0.9347914837773429,0.9348505085902803
0.9239595203402298,0.9580260169200631,0.912839476389836
0.9621311403791736,0.9706903815939494,0.9712289081251737
0.9834512373905017,0.9801753098532354,0.960764131503821
0.9825873197968577,0.9798940570928838,0.9827386301757217
0.8470417352973151,0.84348982554092,0.8409920869016869
0.8992578178749788,0.918134947297727,0.8766220346756323
0.925582714225063,0.9031971045265557,0.8985271382081079
0.9848942862953028,0.9795204431781578,0.9648155284632899
0.9554758456694403,0.965541955528444,0.9610948760716285
0.960559195096094,0.9662602863235663,0.9690121024124799
0.9868423536328785,0.9872288195768789,0.9883043914683144
0.8247249675734223,0.8039820513315853,0.824291374287383
0.8740357478130089,0.8438931595637912,0.8519716619713759
0.8571399073141979,0.8311556568343285,0.8331368760396469
0.9861105611441591,0.9782876035780818,0.978763879514283
0.9396279486689401,0.9520890882708979,0.9498573336154853
0.9469444206678796,0.9442015623318873,0.9415664549924322
0.940835332388386,0.9422632079687424,0.9300858562116867
0.9889157566960066,0.9839990423520909,0.932917631968265
0.8814193827084482,0.8813370678106122,0.9065519446211958
0.991047038791523,0.9846862295275016,0.9494294805867199
0.9762328291368114,0.9745618516634801,0.9510577206421175
0.8748566441369264,0.8656584608618539,0.8590870396212483
0.9324155766271202,0.9455984693801576,0.9543706581127126
0.9558391553748484,0.939893053041562,0.9347048459081055
0.9284912922053125,0.9257854546162528,0.9298436972365846
0.9506792833053701,0.9607029417459737,0.9399251139018204
0.9724878830749213,0.9769805529590525,0.9497717164273937
0.9578928999959225,0.9310915479020134,0.9580581723149103
0.9065375933831722,0.8872049185177215,0.77406788300706
0.9586060842355976,0.9639303187290456,0.9618335674923076
0.9616305397696623,0.967001990846511,0.9491653238738024
0.931708307439254,0.9206975594396419,0.9283332994251301
0.8428410545736792,0.8754226598613565,0.8283978214738048
0.9664495231365637,0.9800884207680104,0.9555245102830765
0.9309809587206364,0.9246991643679271,0.9197229694485766
0.9794252209689189,0.9707044418675598,0.9366215652965897
0.9140406850918124,0.9105346677010171,0.9085480266984455
1.0,1.0,1.0
0.9404066101608147,0.9536961153330623,0.9536596377227611
0.9463515916554514,0.956090968433417,0.9364579615747238
0.8398553177986604,0.819800951305403,0.8371256551624711
0.9739061067868245,0.9605054684614213,0.9721655002840115
0.6784033344761936,0.7521122925344855,0.7667580826542144
0.9530088503598728,0.9401184597553663,0.9395731442437397
0.9478286761012754,0.9411753647531341,0.9707264985391758
0.8198769165540629,0.8204327627301582,0.8438933555455589
0.9300556282081688,0.9555804118199613,0.9422423870832077
0.9470943726387693,0.9494062803688671,0.9153676992102967
0.9504443451377175,0.9565524397492373,0.9601019669754056
0.9752310752035078,0.9854249550842824,0.9655822249356631
0.9893597556731577,0.9796597525136405,0.9684606497687497
0.9537883485621387,0.9523158681507884,0.9436210334211746
0.9952409589358697,0.992673018691719,0.9883036894509396
0.9177576604127465,0.9294983005604306,0.9013597938408052
0.914765127126577,0.8993072885987826,0.8744938664980385
0.9556753857275663,0.9592080248273321,0.9554781029738018
0.9232942002112905,0.9174665714832125,0.9033396549155794
0.9644677664871169,0.9602174590783566,0.9412921604066352
0.9352237171867991,0.8959161760748998,0.8770238563841919
0.8136534857283336,0.6996898378432534,0.6528310023326165
0.9521563621096589,0.9548397325872948,0.9223832727925643
0.9830694654003859,0.9826584513173765,0.9771735793337558
0.912399719434511,0.9180064085107139,0.9315223772165022
0.9513008578969144,0.957799344046116,0.9500107760529944
0.8404777888212325,0.8764722558933634,0.8366911723119218
0.8096154577905517,0.8334191248993899,0.8039933830949781
0.9797089887939,0.9793372688544161,0.9730478598469877
0.9646580627085498,0.9699253117823644,0.9670798141398785
0.9471330127405791,0.9612679106946548,0.9132348289443458
0.9665404646281893,0.9613809708961779,0.9350983208846947
0.9857162567094451,0.9813296430278697,0.9780406910099197
0.9736671396827858,0.96716645697326,0.961356643021153
0.9444592461783828,0.9570092632240422,0.922218365914318
0.9376928367534144,0.9439282249634601,0.9329180172083574
0.9292325586059316,0.9253707450797549,0.9115731457279449
0.9729034679710115,0.9812286508287763,0.9742653979821322
0.962588317560881,0.9624332764882988,0.9572664652138317
0.7546659887269288,0.6997942592674185,0.6238644906356813
0.9507712812388743,0.942948382884319,0.9170010055332647
0.964069174560441,0.9782204491366885,0.9515446608678012
0.9461399082152999,0.9434689092811084,0.9707216333482088
0.9994892269596257,0.9979103537695876,0.9961740844132809
0.9494603721750485,0.9306359027026256,0.9422825837407042
0.8969333171662236,0.9002203776689545,0.8879930490211309
0.9664189440611418,0.9657907447388692,0.9820233009254256
0.8693722514562219,0.8999936937819771,0.8839195128867956
0.9770930854201889,0.9500864257854623,0.9790308764932064
0.9883832161709282,0.9899404308671387,0.9840779363567638
0.9551098311789413,0.9543804921439685,0.9606669019095667
0.9754679501458318,0.9744935724788687,0.9615618925287355
0.9514502997097766,0.9504835861212063,0.9433746040878708
0.9850332461123988,0.9759686971353356,0.9841557840082288
0.9495782625819411,0.9437073050054713,0.9427368002881829
0.9775132906299526,0.9697910900422294,0.9618840859562307
0.9645120315269747,0.9562059972877596,0.9504648020453595
0.7288504929433144,0.7377777073380691,0.6729802124148073
0.9385738331015953,0.9384756935189328,0.9359422996709686
0.8900560406527626,0.8816285706866155,0.87823812984767
0.9867494410369938,0.9741095030030852,0.976653787684461
0.9514564433114189,0.9481545991408675,0.9352741106250144
0.8727851427555289,0.8687559188962755,0.8518885497337312
0.9811312929397186,0.9825028356342899,0.979871301719933
0.889545539320894,0.8876755615797107,0.8752406254642316
0.9642110389023029,0.9601609219574897,0.958329144740013
0.9085140036471757,0.9094946701465174,0.906861629494579
0.8746165438382497,0.9123755819117079,0.8686505782746196
0.9302987777435979,0.9485450009311434,0.9202989257538986
0.8645793910379501,0.8548768210458904,0.8307437478399671
0.9791855789935127,0.9885828421316272,0.9908694320529944
0.9125684827384744,0.8980222498763599,0.8969252947407766
0.8860161965486935,0.8645136985811401,0.8556800544957929
0.9687660101723348,0.9493303242491685,0.9517304306545097
0.9773998784723493,0.9723161025210802,0.9706317919286815
0.9799449855103548,0.9784673039571292,0.9662367669919991
0.9768948891010892,0.982537367786878,0.9493349371938429
0.9916210821599095,0.9923776774538605,0.9944243509897049
0.9740251748603299,0.9705531595528747,0.9681275570624209
0.8259798528009837,0.8348577289204117,0.8172458538075107
0.9590760859782002,0.9469500338373209,0.9256913276767524
0.9875764557696354,0.9901844002123021,0.9897920920695413
0.9622968372010277,0.9369655007210166,0.9396250113397724
0.9709277864497623,0.9735727897455542,0.9811264513854916
0.9819913920518155,0.9804990599664465,0.9817856382845659
0.906901812210124,0.9172049329961744,0.9019341118098771
0.8965504567428854,0.9150703185932196,0.9080393063061754
0.9661967916657935,0.9662127369929583,0.968813567706863
0.9061719528499793,0.9022269265124615,0.8770184167026983
1.0,1.0,1.0
0.9617789761392862,0.9548982114432745,0.9391281587638892
0.9719444689758777,0.9737750236797924,0.9753557624866798
0.9531881491325129,0.9485067120803522,0.9225029536876796
0.8978448925184034,0.8782039110138584,0.8923967141628366
0.9018568578190362,0.9046300035109213,0.9137884858476514
0.8744843693973926,0.8843889387482117,0.8967768307951326
0.6629460616334087,0.7402885567780464,0.7447334091539607
0.8885790246966128,0.9330222696119352,0.9101960548584248
0.6342124187715709,0.5762929985598424,0.6428261180161544
0.9558310359559891,0.9563263620020764,0.9422851501079553
0.9562550311959142,0.955254312986605,0.9212128147496318
0.9647462770833848,0.9587585408390944,0.9743422470594215
0.9692780616696324,0.9684086736651536,0.9493017867571015
0.9780076731932765,0.9775345581967395,0.9797339471751798
0.9959676289034468,0.9963360589504161,0.9877116960571596
0.9701649102351743,0.9665488073419513,0.9740946086205741
0.9911754960568285,0.9919061986776674,0.9802263997287243
0.9706779466737838,0.9630112943287655,0.9648004703354995
0.9708586354889811,0.968149279920699,0.9324488759501842
0.959628069699402,0.9608840523760982,0.9532996520047831
0.9324305405637174,0.9143937590974801,0.9345591492609913
0.9750033907068881,0.9767107489339273,0.9774623285719652
0.7329484920359223,0.7532476002288079,0.7236723907060321
0.9812964780254833,0.9813648619134285,0.9754416767043544
0.9345753647339515,0.9199362835024759,0.9223208461569227
0.9394108802954946,0.9118908779781817,0.8872046192734551
0.9388213063739843,0.9271545463870822,0.9472717193631215
0.7702319106106909,0.7947491285052917,0.8043187799998093
0.9375525946992997,0.93446543826787,0.9643054865056773
0.934145840891736,0.9300707415797462,0.9374668289592559
0.9542796684909521,0.9402862414171629,0.9173568794019781
0.7226074307031478,0.7517731297074157,0.7788335208644238
0.9957485826794167,0.9976373480609413,0.9958573159511527
0.9226753100102284,0.9239706507944764,0.9252335958255822
0.8975997848543156,0.9009507406184913,0.9169139180126821
0.967687149612824,0.969070412085525,0.9649075526643069
0.9592141478278473,0.95312912283196,0.9448375957364197
0.9779325355016827,0.9764767160370629,0.9615642835430416
0.9692562570884455,0.9799842182071206,0.9561252157432215
0.9628690916088488,0.9401082319098069,0.9638770494486031
0.9710455792354905,0.97569771604695,0.964948899617316
0.9697449355859786,0.9697073050578592,0.9558601905297678
0.9507089150853866,0.9551726064400784,0.9255776791673809
0.9337749094200496,0.9202923980320749,0.9166891946381212
0.98056233213601,0.9830751946855386,0.9670024145834827
0.9755569543763629,0.9386600025143393,0.9523897411041506
0.899738640980959,0.908704494313081,0.8980080313536046
0.9651755409388307,0.9645840603444681,0.9590240784339138
0.9725043128539821,0.9800181669946442,0.9662366771996599
0.9864884669053191,0.9883559519606187,0.989819304952176
0.978511274768341,0.9775264357214543,0.9579916656676492
0.9610400996464126,0.9497148318603515,0.9555099376993651
0.8140609528692276,0.8303453607164794,0.806683052921554
0.9821739141437281,0.9819216233545603,0.975106206392282
0.5407533665891502,0.5673353425242339,0.5369628113478181
0.940563655856756,0.9316933339405731,0.8974177221712585
0.9301675698844176,0.922731237204274,0.9218487544404655
0.9211388287232021,0.9361070432862442,0.9113062724356443
0.9488591248945304,0.9556886777586994,0.9599736857304018
0.9735636118836534,0.9702707892858051,0.9666598649681317
0.9625711135244678,0.9396753347871699,0.928792214373378
0.9080617976453342,0.884921897639208,0.8675336337974421
0.9178046540338803,0.9047248925841482,0.9368581307245911
0.8514976640556671,0.8325816747607141,0.8145970983978438
0.9949660131319417,0.9933795410035431,0.9576801914392713
0.9925667706870438,0.9838602531051636,0.973330874337254
0.9827378017041125,0.982268044747352,0.9729922222804823
0.9177017186850326,0.8950529593432142,0.9064629887733126
0.9672461213890263,0.9651754969229048,0.9413385731777292
0.7375656675276148,0.7087634808231351,0.6816594940183676
0.9467919393318838,0.9578775056566304,0.9363409100354353
0.9851302676902431,0.9830718572030048,0.9822298282104651
0.9182695689678647,0.9360893439473614,0.9658135381476202
0.9123310507391892,0.918731367588332,0.9062169213098691
0.991047625604496,0.9884510133399171,0.9918640524990597
0.8817145826393168,0.8491054822473999,0.8253378140606964
0.9492836304524545,0.9341712142635851,0.9250779819532997
0.8840295337803007,0.8472419293513019,0.7993598485374275
0.9768667771085293,0.9871637228514523,0.9604876202086456
0.7618179497034168,0.7608457586076152,0.7820334945456148
0.9764302579694307,0.9811132215367115,0.9691486851885525
0.9227877310432212,0.9374350425497237,0.9543358221872307
0.931559037106462,0.9302513535691764,0.9231448158202774
0.9637899663796397,0.9459936894586655,0.9621268339767604
0.864635273899564,0.8997096023402316,0.9261694917461051
0.9950916850993281,0.9968113780035239,0.9934296757061684
0.9697869498264404,0.9683100741057681,0.9716491516358565
0.8990927059213293,0.925570402774482,0.8652067894389801
0.8607102905833118,0.8511493682874417,0.8367013097875328
0.9452613886267328,0.9275286783487764,0.9677254523076262
0.952475114671061,0.9456682243082136,0.9637800383634411
0.9592175893000063,0.9554960725960685,0.9232360395416489
0.9385419099738881,0.9373784717709986,0.9125951147116759
0.9608596141193263,0.9571292405776635,0.9768260959143431
0.8465190123720938,0.84763608172782,0.8789655754499104
0.9853005422329849,0.9863610672130896,0.9886515280797137
0.932024775010213,0.9087455899696572,0.9169052811965607
0.8587374485878847,0.9149136344113619,0.8314754729054161
0.9989517953990998,0.9925327980612185,0.9950517815762069
0.9500174448866086,0.9345863471615912,0.9228330442978501
0.9559005519582933,0.9439090948708638,0.942020675410531
0.9333395701963734,0.9378218306715033,0.9109511034784998
0.9413003200669853,0.9495124477084665,0.8957674168343959
0.8956232753144016,0.9274080205925501,0.900445782974128
0.919664952577298,0.9200900299200403,0.8657865668312895
0.95058534516592,0.942840264620404,0.9250039938850635
0.9285475873523336,0.9168489147464556,0.8863444119055754
0.8547651988941991,0.8863864885912875,0.8679784283082731
0.8473851066975878,0.8495275359471518,0.8299917955160694
0.63063770194315,0.6340834421108906,0.5704522088658768
0.8468459213196095,0.8585788534829252,0.8468094293573043
0.8075781047048531,0.8113655417110919,0.7777728597661522
0.9644656134245121,0.9641142846006066,0.9641263683602688
0.9204464902532854,0.9148704131297523,0.9125602029196558
0.983087219152318,0.9776349473110679,0.9706776724085933
0.9841922286477525,0.9823015954397393,0.9716860659959865
0.9538213852454706,0.976084360319768,0.9866701067577264
0.9681985639182167,0.964715137502496,0.9677200083789926
0.9896485310834133,0.9895120132300401,0.9779592689673101
0.8631330738477268,0.8693076434297339,0.8788712367803608
